customerID,gender,SeniorCitizen,tenure,PhoneService,InternetService,MonthlyCharges,TotalCharges,Churn
CUST00001,Female,0,4,Yes,DSL,87.73,319.53,Yes
CUST00002,Male,1,10,Yes,Fiber optic,77.22,791.04,No
CUST00003,Female,0,32,Yes,Fiber optic,67.43,2321.4,No
CUST00004,Female,0,11,No,Fiber optic,81.78,964.08,Yes
CUST00005,Male,0,23,Yes,Fiber optic,37.37,1004.74,No
CUST00006,Male,0,41,Yes,DSL,57.41,2418.48,No
CUST00007,Male,1,12,Yes,DSL,35.91,381.54,Yes
CUST00008,Female,1,62,No,DSL,50.01,3611.31,Yes
CUST00009,Male,0,62,Yes,DSL,54.53,3891.28,No
CUST00010,Female,0,0,No,No,87.31,,No
CUST00011,Female,0,68,No,No,48.93,2878.47,No
CUST00012,Female,1,72,Yes,DSL,22.23,1908.76,No
CUST00013,Male,0,37,Yes,No,48.2,,No
CUST00014,Male,0,2,Yes,No,64.72,138.63,No
CUST00015,Male,1,12,No,Fiber optic,42.04,503.69,Yes
CUST00016,Female,0,64,Yes,Fiber optic,74.64,5383.93,Yes
CUST00017,Male,1,13,Yes,Fiber optic,95.72,1244.56,Yes
CUST00018,Female,0,0,Yes,Fiber optic,87.31,,Yes
CUST00019,Male,0,12,No,DSL,45.84,435.27,No
CUST00020,Female,0,71,No,DSL,48.6,3483.76,No
CUST00021,Female,0,2,Yes,No,103.02,225.73,Yes
CUST00022,Male,0,22,Yes,DSL,62.16,1293.47,No
CUST00023,Male,0,44,Yes,DSL,52.86,2507.7,No
CUST00024,Male,1,66,No,DSL,50.59,2859.57,No
CUST00025,Male,0,2,Yes,Fiber optic,103.47,220.8,Yes
CUST00026,Male,0,1,Yes,Fiber optic,69.78,65.04,No
CUST00027,Female,0,12,Yes,Fiber optic,34.15,430.29,Yes
CUST00028,Male,0,58,Yes,Fiber optic,78.1,4796.93,Yes
CUST00029,Female,0,7,Yes,Fiber optic,73.14,464.74,Yes
CUST00030,Male,1,2,No,No,66.26,120.09,No
CUST00031,Female,0,39,No,DSL,56.84,2432.97,No
CUST00032,Male,0,31,Yes,No,62.88,2098.71,No
CUST00033,Female,0,38,No,DSL,64.57,2092.16,No
CUST00034,Male,0,42,Yes,DSL,25.77,1123.68,No
CUST00035,Female,1,61,Yes,Fiber optic,55.44,3671.61,No
CUST00036,Male,1,11,Yes,No,109.19,1167.23,Yes
CUST00037,Male,0,6,Yes,No,88.7,550.59,Yes
CUST00038,Female,0,26,Yes,Fiber optic,71.44,1791.62,No
CUST00039,Female,1,61,Yes,Fiber optic,69.39,4678.07,No
CUST00040,Female,0,49,No,DSL,63.13,2684.22,No
CUST00041,Female,0,9,No,Fiber optic,64.44,668.45,Yes
CUST00042,Female,0,51,No,DSL,86.76,4112.66,No
CUST00043,Male,0,4,No,No,83.45,371.0,No
CUST00044,Female,0,28,No,DSL,94.77,2467.69,No
CUST00045,Male,0,56,No,DSL,83.73,4777.38,No
CUST00046,Female,1,42,Yes,No,58.35,2326.87,No
CUST00047,Female,0,6,Yes,DSL,98.17,540.75,No
CUST00048,Female,0,23,No,DSL,53.38,,No
CUST00049,Female,0,12,No,Fiber optic,61.11,785.78,Yes
CUST00050,Male,0,37,No,No,23.66,754.0,No
CUST00051,Male,1,63,Yes,DSL,59.85,3207.98,No
CUST00052,Female,0,14,Yes,Fiber optic,77.01,1055.52,No
CUST00053,Male,0,1,No,Fiber optic,66.92,71.29,No
CUST00054,Female,0,63,Yes,Fiber optic,89.24,6166.21,No
CUST00055,Female,0,11,No,Fiber optic,69.82,775.74,No
CUST00056,Female,0,15,No,DSL,69.95,1132.2,No
CUST00057,Female,1,7,Yes,DSL,107.87,788.35,No
CUST00058,Male,0,1,Yes,DSL,87.45,82.56,Yes
CUST00059,Male,0,48,No,No,91.27,4520.92,No
CUST00060,Male,0,48,No,DSL,95.69,4252.66,No
CUST00061,Male,0,52,No,No,41.96,1850.72,No
CUST00062,Female,0,3,No,Fiber optic,76.89,222.27,Yes
CUST00063,Female,0,67,Yes,Fiber optic,76.29,4582.81,No
CUST00064,Female,0,9,Yes,DSL,63.87,515.86,No
CUST00065,Female,0,35,Yes,DSL,67.22,2271.44,No
CUST00066,Female,0,62,No,No,85.64,5086.14,No
CUST00067,Male,1,5,Yes,Fiber optic,65.76,372.87,Yes
CUST00068,Male,0,21,Yes,DSL,23.84,294.95,No
CUST00069,Male,0,7,Yes,DSL,104.65,683.56,No
CUST00070,Female,0,2,No,No,72.78,141.77,Yes
CUST00071,Male,0,4,No,Fiber optic,108.73,418.24,Yes
CUST00072,Male,0,2,Yes,No,100.88,196.48,Yes
CUST00073,Female,0,7,No,DSL,75.27,534.21,No
CUST00074,Female,0,12,Yes,Fiber optic,87.39,1007.44,No
CUST00075,Female,0,25,Yes,Fiber optic,53.7,1240.32,Yes
CUST00076,Female,0,36,No,DSL,21.04,547.83,No
CUST00077,Female,0,7,Yes,Fiber optic,91.7,660.27,No
CUST00078,Female,0,39,No,DSL,86.89,3287.83,No
CUST00079,Male,0,12,No,Fiber optic,99.05,1272.87,No
CUST00080,Male,0,58,No,DSL,74.48,4339.62,No
CUST00081,Male,0,0,No,DSL,72.04,,Yes
CUST00082,Male,0,0,Yes,DSL,85.23,,Yes
CUST00083,Male,1,8,No,Fiber optic,84.83,716.47,No
CUST00084,Female,1,66,Yes,No,25.96,1915.78,No
CUST00085,Female,0,47,No,Fiber optic,98.04,,Yes
CUST00086,Female,0,59,No,Fiber optic,52.27,3078.97,No
CUST00087,Female,0,4,No,Fiber optic,80.38,325.39,No
CUST00088,Male,0,18,Yes,DSL,81.63,1562.98,No
CUST00089,Male,0,55,Yes,No,91.33,4845.59,No
CUST00090,Male,0,50,No,Fiber optic,57.26,2620.92,No
CUST00091,Female,0,55,Yes,DSL,63.0,3957.46,No
CUST00092,Female,0,22,No,DSL,86.8,1711.2,No
CUST00093,Female,0,12,Yes,Fiber optic,90.26,1100.16,No
CUST00094,Female,0,22,Yes,Fiber optic,83.06,2041.46,No
CUST00095,Male,0,28,No,DSL,52.85,1680.49,No
CUST00096,Female,1,10,No,DSL,94.78,1002.21,Yes
CUST00097,Female,0,3,Yes,Fiber optic,108.37,314.47,Yes
CUST00098,Female,1,62,No,No,51.55,3198.92,No
CUST00099,Male,0,12,Yes,DSL,33.24,457.26,No
CUST00100,Female,0,56,No,Fiber optic,24.34,1839.84,Yes
CUST00101,Male,0,41,Yes,Fiber optic,31.18,1062.76,No
CUST00102,Female,0,29,Yes,No,20.94,594.96,No
CUST00103,Female,0,64,No,DSL,64.49,4580.69,No
CUST00104,Female,0,9,Yes,No,101.42,906.15,Yes
CUST00105,Female,0,1,Yes,Fiber optic,108.66,99.96,Yes
CUST00106,Female,0,19,No,Fiber optic,85.59,1541.95,Yes
CUST00107,Female,0,68,No,Fiber optic,87.49,6136.38,Yes
CUST00108,Female,0,11,Yes,DSL,93.84,,No
CUST00109,Male,0,12,Yes,Fiber optic,70.47,782.67,No
CUST00110,Female,0,21,No,Fiber optic,49.46,957.71,No
CUST00111,Male,0,9,No,Fiber optic,96.25,781.96,No
CUST00112,Male,1,7,No,Fiber optic,74.29,471.52,Yes
CUST00113,Male,0,38,No,Fiber optic,33.31,1574.8,Yes
CUST00114,Male,0,62,Yes,DSL,96.21,6349.9,No
CUST00115,Female,0,2,No,No,103.76,196.0,No
CUST00116,Female,0,21,No,No,49.32,1096.88,No
CUST00117,Male,0,65,No,DSL,93.76,5650.82,No
CUST00118,Male,0,33,Yes,Fiber optic,85.73,2751.98,No
CUST00119,Male,0,57,Yes,DSL,72.14,4528.76,No
CUST00120,Male,0,60,Yes,Fiber optic,82.49,5257.99,No
CUST00121,Male,1,69,No,Fiber optic,93.75,6258.29,No
CUST00122,Male,0,63,No,Fiber optic,28.62,2203.45,No
CUST00123,Female,0,48,Yes,Fiber optic,24.12,868.94,No
CUST00124,Female,1,15,No,No,25.39,233.02,Yes
CUST00125,Female,0,1,Yes,Fiber optic,87.54,84.54,No
CUST00126,Female,0,31,Yes,DSL,90.71,3038.13,No
CUST00127,Female,0,60,No,DSL,60.44,3260.12,No
CUST00128,Male,0,2,Yes,No,109.1,205.41,Yes
CUST00129,Male,1,8,No,Fiber optic,80.13,629.01,Yes
CUST00130,Male,0,57,No,Fiber optic,63.08,3512.32,Yes
CUST00131,Male,0,43,Yes,Fiber optic,51.48,2490.84,No
CUST00132,Male,0,52,No,Fiber optic,77.82,3871.03,No
CUST00133,Male,0,31,Yes,Fiber optic,24.43,1066.36,Yes
CUST00134,Female,1,2,Yes,Fiber optic,65.75,127.25,No
CUST00135,Male,0,9,Yes,DSL,92.57,770.31,Yes
CUST00136,Female,1,25,Yes,DSL,52.02,1244.98,No
CUST00137,Male,0,64,Yes,Fiber optic,31.98,1975.87,No
CUST00138,Female,0,12,Yes,DSL,66.25,847.53,No
CUST00139,Male,1,8,No,DSL,62.86,553.45,Yes
CUST00140,Male,0,24,Yes,No,22.41,681.55,No
CUST00141,Female,0,1,Yes,DSL,82.45,87.5,Yes
CUST00142,Male,0,4,Yes,Fiber optic,90.03,375.94,Yes
CUST00143,Male,0,3,No,DSL,108.71,298.03,Yes
CUST00144,Female,0,5,No,DSL,101.78,464.77,No
CUST00145,Female,0,3,No,No,96.36,261.29,No
CUST00146,Male,0,60,No,DSL,54.27,2824.35,No
CUST00147,Female,0,29,No,Fiber optic,41.44,1042.54,No
CUST00148,Female,1,8,No,DSL,66.94,,No
CUST00149,Male,0,15,Yes,Fiber optic,95.84,1298.8,No
CUST00150,Female,1,28,No,Fiber optic,96.03,2707.39,No
CUST00151,Female,0,22,Yes,Fiber optic,93.46,2129.18,No
CUST00152,Male,0,10,Yes,DSL,103.6,1013.83,Yes
CUST00153,Male,0,28,Yes,DSL,69.94,1931.03,No
CUST00154,Female,0,3,Yes,DSL,107.37,,Yes
CUST00155,Male,0,6,Yes,DSL,108.6,619.02,No
CUST00156,Male,0,44,Yes,No,20.75,1035.38,No
CUST00157,Male,0,2,No,Fiber optic,71.62,142.95,No
CUST00158,Female,0,41,No,Fiber optic,87.71,3307.92,Yes
CUST00159,Female,0,20,No,No,61.15,1120.88,No
CUST00160,Female,0,27,No,Fiber optic,22.24,762.65,Yes
CUST00161,Male,0,46,No,Fiber optic,80.08,3313.14,Yes
CUST00162,Male,1,63,Yes,Fiber optic,39.66,2352.77,No
CUST00163,Female,0,60,No,DSL,34.01,1754.54,No
CUST00164,Female,0,42,Yes,DSL,25.71,793.83,No
CUST00165,Male,0,29,No,No,96.85,,No
CUST00166,Male,0,1,Yes,Fiber optic,95.62,97.19,Yes
CUST00167,Male,0,47,No,Fiber optic,66.79,2854.36,No
CUST00168,Male,1,43,Yes,DSL,20.9,986.82,No
CUST00169,Female,0,3,Yes,Fiber optic,105.35,293.93,No
CUST00170,Female,1,34,Yes,No,70.67,2701.54,No
CUST00171,Male,1,1,Yes,DSL,92.18,87.96,Yes
CUST00172,Female,1,30,No,DSL,70.36,1831.59,No
CUST00173,Male,0,3,Yes,Fiber optic,81.38,233.0,Yes
CUST00174,Female,1,11,No,Fiber optic,88.59,1018.35,No
CUST00175,Male,0,33,No,DSL,53.38,2059.14,No
CUST00176,Male,0,1,Yes,No,108.55,112.36,No
CUST00177,Male,0,14,Yes,DSL,67.73,854.22,No
CUST00178,Male,0,19,Yes,Fiber optic,65.84,1248.11,No
CUST00179,Female,0,2,No,No,71.81,126.72,Yes
CUST00180,Male,0,66,Yes,No,98.32,5845.04,No
CUST00181,Female,0,53,Yes,Fiber optic,22.57,723.02,Yes
CUST00182,Female,0,50,No,No,25.74,1510.94,No
CUST00183,Female,0,2,No,Fiber optic,81.48,180.85,Yes
CUST00184,Male,0,5,Yes,No,91.19,408.28,Yes
CUST00185,Male,0,22,No,No,28.72,595.89,No
CUST00186,Male,1,7,Yes,No,108.3,764.91,Yes
CUST00187,Male,0,67,Yes,DSL,99.14,7029.6,No
CUST00188,Male,0,28,Yes,Fiber optic,79.97,2494.86,No
CUST00189,Male,1,55,Yes,No,26.27,1775.73,No
CUST00190,Male,0,33,No,DSL,46.39,1540.63,No
CUST00191,Female,0,20,No,Fiber optic,47.01,1080.7,Yes
CUST00192,Male,1,6,Yes,DSL,86.49,498.53,Yes
CUST00193,Female,0,45,No,No,48.76,2054.56,No
CUST00194,Female,0,19,No,DSL,75.44,1534.93,No
CUST00195,Male,0,19,Yes,DSL,55.34,985.28,No
CUST00196,Female,1,3,No,Fiber optic,78.91,249.92,No
CUST00197,Female,1,14,No,Fiber optic,38.54,,Yes
CUST00198,Male,1,20,No,Fiber optic,34.74,728.4,Yes
CUST00199,Male,1,6,No,DSL,68.58,437.87,No
CUST00200,Male,0,63,No,Fiber optic,55.26,4091.14,No
CUST00201,Female,0,30,No,No,59.69,1585.29,No
CUST00202,Male,1,27,Yes,Fiber optic,59.73,1513.57,No
CUST00203,Male,0,45,No,Fiber optic,63.47,2478.8,No
CUST00204,Female,0,27,Yes,DSL,97.72,2398.05,No
CUST00205,Female,1,66,No,Fiber optic,71.16,4502.88,Yes
CUST00206,Male,0,41,No,Fiber optic,24.31,1313.77,Yes
CUST00207,Female,0,3,No,No,70.83,225.57,Yes
CUST00208,Male,0,26,Yes,No,75.03,,No
CUST00209,Male,0,12,Yes,DSL,81.92,1035.75,No
CUST00210,Female,0,0,Yes,No,86.43,,Yes
CUST00211,Female,0,34,No,DSL,72.43,2708.18,No
CUST00212,Male,0,6,No,Fiber optic,83.13,533.34,Yes
CUST00213,Male,0,12,No,DSL,76.82,952.7,No
CUST00214,Female,1,22,Yes,DSL,90.02,1815.88,Yes
CUST00215,Female,0,2,Yes,DSL,83.29,180.87,No
CUST00216,Female,0,4,Yes,No,91.8,398.67,Yes
CUST00217,Male,0,7,No,Fiber optic,64.14,447.61,Yes
CUST00218,Male,0,55,Yes,Fiber optic,71.77,4099.83,No
CUST00219,Female,0,38,Yes,Fiber optic,84.6,,No
CUST00220,Female,0,7,No,Fiber optic,63.34,391.39,No
CUST00221,Female,0,4,No,Fiber optic,71.41,,Yes
CUST00222,Male,1,37,Yes,Fiber optic,28.02,805.74,No
CUST00223,Male,0,13,No,DSL,77.32,1066.31,No
CUST00224,Female,0,53,Yes,DSL,39.32,1570.17,No
CUST00225,Female,0,9,No,DSL,66.32,625.34,No
CUST00226,Male,1,12,Yes,Fiber optic,54.02,554.55,Yes
CUST00227,Female,0,23,No,No,85.18,1865.87,No
CUST00228,Male,1,1,No,DSL,60.01,55.9,Yes
CUST00229,Female,0,55,No,Fiber optic,68.27,,No
CUST00230,Male,1,69,Yes,No,26.42,1143.94,No
CUST00231,Male,0,12,No,No,93.88,1032.65,No
CUST00232,Female,0,6,No,DSL,85.37,501.86,Yes
CUST00233,Female,0,22,No,DSL,65.77,1356.66,No
CUST00234,Male,0,4,No,DSL,74.31,274.6,Yes
CUST00235,Male,0,62,Yes,DSL,58.12,3201.82,No
CUST00236,Male,0,5,Yes,Fiber optic,90.22,427.47,Yes
CUST00237,Female,0,0,Yes,Fiber optic,77.4,,Yes
CUST00238,Male,0,39,Yes,Fiber optic,91.65,3623.33,No
CUST00239,Female,0,1,No,DSL,69.57,66.97,No
CUST00240,Female,0,72,No,DSL,70.03,5547.49,No
CUST00241,Male,1,60,Yes,DSL,65.88,3845.69,No
CUST00242,Male,0,72,No,No,88.07,6682.01,No
CUST00243,Male,0,31,Yes,Fiber optic,52.41,1846.05,Yes
CUST00244,Male,0,12,No,Fiber optic,36.32,327.81,No
CUST00245,Male,0,49,Yes,Fiber optic,41.03,1536.94,Yes
CUST00246,Female,0,11,No,Fiber optic,86.67,935.4,Yes
CUST00247,Male,0,13,No,DSL,22.74,186.45,No
CUST00248,Male,0,2,No,Fiber optic,104.44,206.33,Yes
CUST00249,Male,0,10,Yes,Fiber optic,68.7,692.24,No
CUST00250,Female,0,0,Yes,DSL,67.16,,No
CUST00251,Female,0,56,Yes,No,72.84,3634.06,No
CUST00252,Male,0,5,No,DSL,92.47,,No
CUST00253,Female,0,2,Yes,DSL,65.04,137.67,No
CUST00254,Female,0,10,No,Fiber optic,60.65,628.48,Yes
CUST00255,Female,0,45,Yes,Fiber optic,57.2,2422.39,No
CUST00256,Male,1,9,Yes,Fiber optic,64.41,490.09,No
CUST00257,Female,0,34,No,Fiber optic,52.47,2050.08,No
CUST00258,Female,1,42,No,Fiber optic,43.77,2169.53,Yes
CUST00259,Male,0,28,Yes,DSL,91.05,2297.75,No
CUST00260,Female,1,68,No,DSL,88.47,6454.85,Yes
CUST00261,Female,0,23,No,No,69.87,1649.97,No
CUST00262,Female,0,11,Yes,Fiber optic,78.91,820.18,No
CUST00263,Male,0,11,Yes,DSL,82.5,1013.18,Yes
CUST00264,Male,0,0,Yes,Fiber optic,71.06,,Yes
CUST00265,Female,0,0,No,DSL,74.49,,Yes
CUST00266,Male,0,50,No,Fiber optic,36.78,1714.28,No
CUST00267,Female,0,50,No,DSL,74.42,3727.07,No
CUST00268,Female,0,5,Yes,DSL,102.83,465.71,No
CUST00269,Female,0,57,Yes,Fiber optic,86.31,5359.74,No
CUST00270,Male,0,8,Yes,Fiber optic,86.94,628.34,Yes
CUST00271,Male,0,25,No,No,43.22,1127.06,No
CUST00272,Female,0,12,No,No,41.89,479.42,No
CUST00273,Male,0,28,Yes,DSL,22.2,446.77,No
CUST00274,Male,1,65,Yes,No,62.15,3483.35,No
CUST00275,Female,0,17,No,Fiber optic,98.36,1833.96,No
CUST00276,Female,0,57,Yes,DSL,50.67,2647.2,No
CUST00277,Male,0,37,No,Fiber optic,60.45,2071.0,No
CUST00278,Male,0,47,No,Fiber optic,94.11,4332.86,No
CUST00279,Male,0,43,Yes,DSL,27.76,823.04,No
CUST00280,Female,0,4,Yes,Fiber optic,88.94,324.74,Yes
CUST00281,Female,0,4,Yes,DSL,91.06,330.43,No
CUST00282,Female,0,33,Yes,Fiber optic,69.42,2534.38,No
CUST00283,Male,0,10,No,DSL,99.35,1037.51,Yes
CUST00284,Male,0,59,No,Fiber optic,68.08,4161.25,Yes
CUST00285,Male,0,56,No,Fiber optic,27.06,1579.62,No
CUST00286,Male,0,28,Yes,DSL,33.93,755.68,No
CUST00287,Female,0,33,Yes,Fiber optic,28.28,789.26,No
CUST00288,Male,1,1,Yes,Fiber optic,109.43,116.23,Yes
CUST00289,Male,0,0,No,Fiber optic,68.37,,Yes
CUST00290,Male,1,67,Yes,Fiber optic,64.04,3961.5,No
CUST00291,Male,0,15,No,Fiber optic,30.89,502.42,No
CUST00292,Female,0,0,Yes,Fiber optic,63.46,,No
CUST00293,Female,0,5,Yes,Fiber optic,84.08,379.79,No
CUST00294,Male,1,49,No,DSL,21.21,1067.41,No
CUST00295,Male,0,70,Yes,DSL,52.39,3430.28,No
CUST00296,Male,1,62,Yes,No,61.98,3896.99,No
CUST00297,Male,0,51,Yes,Fiber optic,53.04,2487.46,No
CUST00298,Female,0,4,No,Fiber optic,99.32,385.76,Yes
CUST00299,Male,0,8,Yes,DSL,96.06,835.3,Yes
CUST00300,Female,0,2,Yes,DSL,90.46,192.09,Yes
CUST00301,Female,0,52,Yes,No,64.12,2945.38,No
CUST00302,Female,0,69,No,Fiber optic,78.96,5485.9,Yes
CUST00303,Female,1,59,No,No,96.47,6028.2,Yes
CUST00304,Female,0,25,Yes,No,47.49,1326.95,No
CUST00305,Female,0,6,No,No,103.18,595.22,Yes
CUST00306,Female,1,42,Yes,Fiber optic,45.75,2278.08,No
CUST00307,Male,0,63,Yes,DSL,20.87,709.68,No
CUST00308,Female,0,15,No,DSL,61.96,987.24,No
CUST00309,Female,1,12,Yes,DSL,34.56,445.91,Yes
CUST00310,Male,0,59,Yes,Fiber optic,62.16,3151.42,No
CUST00311,Male,0,48,Yes,DSL,29.44,1644.44,No
CUST00312,Female,0,16,Yes,DSL,69.06,1021.38,No
CUST00313,Female,0,26,No,DSL,48.79,1036.02,No
CUST00314,Female,1,56,Yes,Fiber optic,64.85,3976.48,No
CUST00315,Female,0,10,Yes,No,75.67,772.83,Yes
CUST00316,Male,0,12,No,DSL,36.43,436.74,No
CUST00317,Male,1,0,Yes,No,67.6,,No
CUST00318,Female,0,15,Yes,Fiber optic,74.26,969.3,Yes
CUST00319,Female,0,5,Yes,DSL,65.66,311.6,No
CUST00320,Female,0,10,Yes,No,89.24,963.32,Yes
CUST00321,Female,1,2,Yes,DSL,102.28,201.18,No
CUST00322,Female,0,70,Yes,DSL,23.93,1072.66,No
CUST00323,Female,0,52,Yes,DSL,21.14,1432.09,No
CUST00324,Female,0,59,Yes,DSL,36.96,1890.07,No
CUST00325,Male,0,12,Yes,No,35.7,427.77,No
CUST00326,Male,0,29,No,DSL,27.75,575.45,No
CUST00327,Male,0,1,No,Fiber optic,88.72,84.02,Yes
CUST00328,Female,0,5,No,DSL,68.0,299.49,No
CUST00329,Female,0,10,No,Fiber optic,73.44,808.04,Yes
CUST00330,Female,0,3,Yes,DSL,81.95,269.79,No
CUST00331,Female,0,13,Yes,DSL,52.09,569.48,No
CUST00332,Male,1,40,No,DSL,80.39,3001.63,No
CUST00333,Female,0,10,No,DSL,81.21,818.97,Yes
CUST00334,Male,1,7,Yes,Fiber optic,90.9,627.75,No
CUST00335,Female,1,58,No,DSL,24.6,884.44,No
CUST00336,Female,0,10,Yes,DSL,65.36,630.79,No
CUST00337,Female,0,9,Yes,DSL,92.45,773.22,Yes
CUST00338,Male,1,48,No,DSL,64.9,3346.53,Yes
CUST00339,Female,0,5,Yes,Fiber optic,71.87,319.95,No
CUST00340,Male,1,32,No,Fiber optic,73.69,2048.82,Yes
CUST00341,Female,0,6,Yes,DSL,100.07,653.63,Yes
CUST00342,Male,1,34,Yes,DSL,82.83,2516.74,No
CUST00343,Female,0,60,Yes,Fiber optic,65.34,4217.65,No
CUST00344,Female,0,55,Yes,DSL,58.51,2967.05,No
CUST00345,Female,0,43,Yes,DSL,42.49,2173.97,No
CUST00346,Male,0,8,No,DSL,87.11,696.23,No
CUST00347,Male,0,44,Yes,DSL,52.87,2525.12,No
CUST00348,Male,0,11,No,Fiber optic,99.89,1132.86,No
CUST00349,Male,0,23,No,Fiber optic,99.34,2322.06,No
CUST00350,Male,0,62,Yes,Fiber optic,33.66,2310.87,No
CUST00351,Female,1,46,Yes,No,65.91,2734.14,No
CUST00352,Male,0,4,Yes,No,63.01,280.01,No
CUST00353,Female,1,70,No,Fiber optic,31.41,2125.45,Yes
CUST00354,Male,0,1,Yes,DSL,60.89,57.09,No
CUST00355,Female,0,20,No,Fiber optic,37.11,701.05,Yes
CUST00356,Female,0,5,No,No,86.81,394.53,Yes
CUST00357,Female,1,5,No,Fiber optic,94.08,494.84,No
CUST00358,Female,1,40,Yes,DSL,87.05,3096.0,No
CUST00359,Male,1,41,No,DSL,59.12,2782.89,No
CUST00360,Female,1,15,Yes,DSL,32.38,485.57,No
CUST00361,Female,0,10,No,Fiber optic,107.21,1075.74,Yes
CUST00362,Female,0,67,No,No,55.36,3390.96,No
CUST00363,Female,1,70,No,DSL,40.94,2785.11,No
CUST00364,Female,0,20,Yes,DSL,44.34,882.3,No
CUST00365,Female,1,6,Yes,Fiber optic,70.98,413.99,Yes
CUST00366,Male,1,66,No,No,40.97,2963.63,No
CUST00367,Female,0,61,Yes,Fiber optic,89.98,5517.32,No
CUST00368,Female,0,16,No,DSL,37.28,488.34,No
CUST00369,Male,0,5,Yes,DSL,71.24,392.01,Yes
CUST00370,Male,0,65,Yes,Fiber optic,56.69,3325.4,No
CUST00371,Male,0,4,Yes,DSL,69.71,265.56,No
CUST00372,Female,0,65,No,Fiber optic,43.33,3147.81,No
CUST00373,Male,1,25,No,DSL,81.55,2008.66,No
CUST00374,Female,0,30,Yes,DSL,32.64,896.03,No
CUST00375,Female,0,24,Yes,DSL,51.09,1305.25,No
CUST00376,Male,0,58,Yes,Fiber optic,39.61,2681.84,No
CUST00377,Male,0,70,Yes,Fiber optic,80.62,5017.75,No
CUST00378,Male,1,1,No,DSL,100.73,110.35,Yes
CUST00379,Female,0,45,No,No,73.36,3046.12,No
CUST00380,Male,0,1,Yes,No,90.93,86.7,No
CUST00381,Male,0,31,Yes,Fiber optic,25.59,1083.06,No
CUST00382,Male,0,67,Yes,Fiber optic,36.81,2341.74,Yes
CUST00383,Female,0,59,Yes,Fiber optic,83.32,4978.04,No
CUST00384,Female,0,2,Yes,Fiber optic,84.52,158.29,Yes
CUST00385,Female,0,11,Yes,No,62.92,588.66,No
CUST00386,Male,0,14,No,Fiber optic,27.11,377.79,No
CUST00387,Female,1,22,Yes,DSL,44.96,908.66,No
CUST00388,Male,0,36,Yes,Fiber optic,88.17,3290.33,No
CUST00389,Female,0,11,Yes,DSL,101.45,1047.45,No
CUST00390,Male,0,46,No,No,68.45,3142.52,No
CUST00391,Male,0,2,No,DSL,66.52,134.06,No
CUST00392,Female,1,2,No,Fiber optic,89.87,161.41,No
CUST00393,Male,0,58,No,No,38.87,1793.51,No
CUST00394,Male,0,62,No,DSL,77.66,,No
CUST00395,Male,1,22,No,No,62.32,1189.12,No
CUST00396,Male,0,12,Yes,No,67.59,730.45,No
CUST00397,Male,0,47,No,No,63.77,,No
CUST00398,Male,0,1,No,DSL,69.17,72.66,No
CUST00399,Female,0,14,No,DSL,71.63,911.88,No
CUST00400,Male,0,70,No,DSL,26.95,,No
CUST00401,Male,0,57,No,Fiber optic,61.71,3158.86,No
CUST00402,Female,0,4,Yes,No,71.91,276.88,Yes
CUST00403,Male,0,2,No,No,66.55,130.6,No
CUST00404,Male,0,49,Yes,No,65.97,2920.76,No
CUST00405,Female,0,0,Yes,Fiber optic,75.07,,Yes
CUST00406,Male,0,12,Yes,No,54.42,579.46,No
CUST00407,Female,0,12,Yes,DSL,27.49,292.26,No
CUST00408,Female,0,55,No,DSL,42.64,2728.1,No
CUST00409,Female,0,11,Yes,No,79.99,979.09,Yes
CUST00410,Male,0,30,No,Fiber optic,57.78,1965.64,Yes
CUST00411,Female,0,13,No,No,97.53,1314.04,No
CUST00412,Female,0,24,No,DSL,68.55,1847.92,No
CUST00413,Male,1,45,Yes,DSL,54.44,2224.21,No
CUST00414,Male,0,10,No,Fiber optic,77.68,750.3,Yes
CUST00415,Female,0,38,Yes,DSL,90.78,3341.29,No
CUST00416,Female,0,12,Yes,Fiber optic,87.7,1096.47,No
CUST00417,Female,0,3,Yes,DSL,63.45,166.43,No
CUST00418,Male,0,65,Yes,No,56.95,4151.1,No
CUST00419,Female,0,1,Yes,DSL,73.53,63.61,No
CUST00420,Female,0,63,No,No,39.08,2439.9,No
CUST00421,Female,0,43,No,DSL,26.25,,No
CUST00422,Female,1,18,No,Fiber optic,68.05,1119.32,No
CUST00423,Male,0,36,Yes,Fiber optic,58.24,2038.81,No
CUST00424,Male,0,52,Yes,No,87.45,4194.64,No
CUST00425,Male,0,23,Yes,No,31.82,835.28,No
CUST00426,Male,0,8,No,DSL,81.64,675.04,Yes
CUST00427,Female,1,44,Yes,DSL,26.46,1539.72,No
CUST00428,Female,0,0,No,Fiber optic,108.43,,No
CUST00429,Female,0,6,No,Fiber optic,102.5,632.64,No
CUST00430,Male,0,10,Yes,No,68.53,688.35,No
CUST00431,Female,0,61,No,Fiber optic,84.52,4988.09,No
CUST00432,Male,1,48,No,Fiber optic,60.67,2687.51,Yes
CUST00433,Female,0,12,No,Fiber optic,49.33,527.07,No
CUST00434,Male,1,34,Yes,DSL,36.22,931.08,No
CUST00435,Female,0,2,No,DSL,107.41,232.67,Yes
CUST00436,Female,0,44,No,DSL,50.13,2121.66,No
CUST00437,Male,0,4,Yes,No,83.74,338.29,Yes
CUST00438,Male,1,52,No,DSL,98.18,4795.74,No
CUST00439,Male,0,33,No,No,82.44,2404.74,No
CUST00440,Female,0,27,Yes,Fiber optic,34.1,1118.23,No
CUST00441,Male,0,13,Yes,DSL,54.58,768.51,No
CUST00442,Male,0,1,No,Fiber optic,103.38,106.54,No
CUST00443,Female,0,5,No,DSL,65.33,308.28,No
CUST00444,Female,0,44,No,Fiber optic,65.91,3275.95,No
CUST00445,Male,0,5,Yes,DSL,61.01,259.31,No
CUST00446,Male,0,65,Yes,Fiber optic,79.67,5596.58,No
CUST00447,Male,0,40,No,DSL,77.19,3034.46,No
CUST00448,Male,0,64,Yes,No,27.79,2245.42,No
CUST00449,Male,1,54,No,Fiber optic,55.16,3143.51,Yes
CUST00450,Female,0,3,No,Fiber optic,86.15,256.62,Yes
CUST00451,Male,0,42,Yes,DSL,73.59,3490.73,No
CUST00452,Male,0,4,Yes,DSL,70.24,298.12,Yes
CUST00453,Female,0,0,No,DSL,102.08,,Yes
CUST00454,Male,0,66,No,Fiber optic,95.84,6766.3,Yes
CUST00455,Female,0,31,Yes,No,76.32,2106.0,No
CUST00456,Male,0,2,No,No,92.32,192.39,No
CUST00457,Female,0,57,Yes,Fiber optic,31.16,1881.55,No
CUST00458,Female,0,37,No,Fiber optic,63.4,2598.63,No
CUST00459,Male,1,3,No,DSL,84.84,242.5,Yes
CUST00460,Female,0,38,No,DSL,94.32,3420.07,No
CUST00461,Female,0,8,No,Fiber optic,89.37,666.57,Yes
CUST00462,Female,0,15,Yes,Fiber optic,79.33,1131.85,Yes
CUST00463,Male,0,16,No,DSL,49.26,674.31,No
CUST00464,Male,0,16,Yes,Fiber optic,40.84,780.83,No
CUST00465,Male,0,31,No,No,23.23,,No
CUST00466,Male,0,8,Yes,Fiber optic,92.08,690.62,Yes
CUST00467,Female,0,68,Yes,No,46.32,3412.24,No
CUST00468,Male,0,32,No,No,31.97,749.09,No
CUST00469,Male,0,50,No,Fiber optic,23.24,1463.41,No
CUST00470,Male,0,11,Yes,Fiber optic,66.82,695.69,Yes
CUST00471,Male,0,41,No,DSL,50.8,2105.49,No
CUST00472,Female,0,4,Yes,DSL,100.76,394.0,No
CUST00473,Male,1,47,No,DSL,79.98,3755.15,No
CUST00474,Female,0,36,Yes,No,45.61,1777.64,No
CUST00475,Female,0,66,No,Fiber optic,92.88,6041.96,Yes
CUST00476,Male,1,5,No,Fiber optic,81.87,443.54,No
CUST00477,Male,0,60,Yes,Fiber optic,52.11,3364.87,No
CUST00478,Male,0,29,No,No,62.86,1615.55,No
CUST00479,Female,1,45,No,Fiber optic,42.89,1850.39,No
CUST00480,Female,0,11,No,Fiber optic,82.85,937.0,No
CUST00481,Female,0,43,No,No,24.8,1136.36,No
CUST00482,Male,0,52,Yes,Fiber optic,95.86,5350.98,No
CUST00483,Male,0,12,Yes,DSL,88.61,1126.79,No
CUST00484,Female,0,23,Yes,No,39.84,1122.08,No
CUST00485,Female,0,32,No,Fiber optic,92.5,3278.58,No
CUST00486,Female,0,34,Yes,DSL,64.28,1956.2,No
CUST00487,Female,0,3,No,No,77.86,213.14,No
CUST00488,Male,0,47,Yes,DSL,41.85,2405.76,No
CUST00489,Female,1,12,No,DSL,67.58,705.24,No
CUST00490,Male,0,7,No,Fiber optic,105.47,679.18,No
CUST00491,Female,1,59,Yes,DSL,42.28,1936.23,No
CUST00492,Female,0,16,Yes,Fiber optic,35.96,709.44,Yes
CUST00493,Male,0,64,No,DSL,74.0,4713.47,No
CUST00494,Male,0,12,No,No,77.31,992.15,No
CUST00495,Female,0,64,No,DSL,26.0,,No
CUST00496,Male,0,49,Yes,DSL,46.31,2088.14,No
CUST00497,Male,0,0,Yes,Fiber optic,68.66,,No
CUST00498,Male,0,49,Yes,No,81.49,3688.63,No
CUST00499,Male,0,3,Yes,DSL,108.58,352.88,Yes
CUST00500,Male,0,51,No,Fiber optic,43.35,1946.37,No
CUST00501,Female,0,5,Yes,No,99.75,524.75,No
CUST00502,Male,0,7,Yes,DSL,95.69,661.79,Yes
CUST00503,Female,0,12,No,Fiber optic,61.66,777.51,Yes
CUST00504,Male,1,8,No,No,109.8,823.76,Yes
CUST00505,Female,0,66,Yes,Fiber optic,58.4,4122.43,No
CUST00506,Male,1,1,No,Fiber optic,73.78,83.51,No
CUST00507,Male,0,60,Yes,DSL,39.28,2376.41,No
CUST00508,Male,1,18,No,Fiber optic,47.3,866.03,Yes
CUST00509,Male,1,38,Yes,DSL,65.03,2477.58,No
CUST00510,Male,0,66,No,Fiber optic,89.02,6273.7,No
CUST00511,Female,0,18,Yes,DSL,35.4,711.19,No
CUST00512,Female,0,11,Yes,Fiber optic,63.44,751.02,No
CUST00513,Female,0,10,No,DSL,98.87,977.32,Yes
CUST00514,Male,0,9,No,DSL,88.2,784.17,Yes
CUST00515,Male,0,66,No,Fiber optic,66.8,4912.57,Yes
CUST00516,Female,0,23,No,Fiber optic,83.42,1744.03,No
CUST00517,Female,0,8,Yes,Fiber optic,102.04,844.22,Yes
CUST00518,Female,0,57,Yes,Fiber optic,21.78,795.91,No
CUST00519,Male,0,12,No,DSL,47.84,552.84,No
CUST00520,Male,0,1,No,No,94.6,96.26,Yes
CUST00521,Male,0,16,No,DSL,24.93,,No
CUST00522,Male,0,72,No,Fiber optic,64.35,,Yes
CUST00523,Male,1,0,Yes,DSL,69.91,,No
CUST00524,Female,0,32,No,No,67.2,2213.66,No
CUST00525,Female,1,18,No,Fiber optic,56.52,913.22,No
CUST00526,Female,0,11,Yes,No,84.55,921.31,Yes
CUST00527,Female,0,0,Yes,No,91.0,,Yes
CUST00528,Female,0,41,Yes,No,48.23,,No
CUST00529,Male,1,29,No,DSL,65.33,1901.26,Yes
CUST00530,Female,0,0,Yes,DSL,94.83,,Yes
CUST00531,Male,0,25,No,DSL,43.56,1050.79,No
CUST00532,Female,0,57,No,DSL,69.01,4479.01,No
CUST00533,Male,1,72,Yes,Fiber optic,88.01,6022.73,No
CUST00534,Male,0,61,Yes,DSL,45.06,3160.18,No
CUST00535,Male,0,59,Yes,DSL,27.18,1017.54,No
CUST00536,Female,0,32,No,Fiber optic,72.88,2557.16,Yes
CUST00537,Female,1,12,No,DSL,30.38,251.03,Yes
CUST00538,Male,0,11,No,No,98.61,1094.33,No
CUST00539,Male,0,30,Yes,No,35.79,804.96,No
CUST00540,Male,0,8,No,Fiber optic,78.74,611.4,No
CUST00541,Male,0,58,No,Fiber optic,22.25,,No
CUST00542,Male,0,67,Yes,Fiber optic,54.53,4262.39,No
CUST00543,Male,0,43,No,DSL,84.97,3863.15,No
CUST00544,Male,0,28,Yes,DSL,29.87,715.0,No
CUST00545,Female,0,68,Yes,Fiber optic,37.87,2914.92,No
CUST00546,Male,1,12,No,No,56.09,785.25,No
CUST00547,Female,0,9,Yes,No,61.24,473.7,No
CUST00548,Male,0,8,Yes,DSL,91.69,767.34,Yes
CUST00549,Female,0,65,Yes,Fiber optic,39.11,2932.45,No
CUST00550,Male,1,45,No,DSL,47.83,2498.28,No
CUST00551,Female,0,49,No,Fiber optic,79.85,3670.48,No
CUST00552,Female,0,48,Yes,No,55.49,2942.29,No
CUST00553,Female,0,7,No,Fiber optic,96.08,602.91,No
CUST00554,Female,0,34,Yes,Fiber optic,50.92,1871.07,No
CUST00555,Male,0,0,Yes,DSL,86.91,,Yes
CUST00556,Male,0,51,Yes,Fiber optic,32.63,1992.85,Yes
CUST00557,Male,0,27,No,DSL,88.51,2311.94,No
CUST00558,Female,0,8,No,DSL,105.82,878.63,No
CUST00559,Male,0,12,No,DSL,84.24,1112.46,No
CUST00560,Male,0,2,No,DSL,64.95,123.6,No
CUST00561,Female,0,20,Yes,Fiber optic,25.71,443.2,No
CUST00562,Male,0,48,No,No,80.31,3967.15,No
CUST00563,Male,1,4,Yes,Fiber optic,79.7,333.58,No
CUST00564,Male,0,27,No,DSL,80.15,2004.73,No
CUST00565,Male,1,21,Yes,No,88.85,1823.11,No
CUST00566,Male,0,0,No,DSL,69.16,,No
CUST00567,Female,0,5,Yes,No,97.15,441.45,No
CUST00568,Female,0,6,No,DSL,81.09,471.4,No
CUST00569,Female,0,8,No,DSL,65.6,468.54,No
CUST00570,Female,0,5,No,DSL,87.47,394.48,No
CUST00571,Male,1,0,No,No,96.09,,No
CUST00572,Female,0,54,Yes,No,38.83,1860.6,No
CUST00573,Male,0,39,No,DSL,26.57,971.99,No
CUST00574,Male,0,71,Yes,DSL,34.57,1882.37,No
CUST00575,Male,0,9,Yes,DSL,72.04,677.17,No
CUST00576,Female,0,34,Yes,No,54.85,2081.8,No
CUST00577,Male,0,7,Yes,No,86.74,555.35,No
CUST00578,Female,0,3,Yes,No,66.71,202.62,No
CUST00579,Male,0,32,Yes,Fiber optic,81.39,2333.59,Yes
CUST00580,Female,1,8,No,DSL,106.86,894.33,Yes
CUST00581,Female,0,2,Yes,DSL,98.25,191.87,Yes
CUST00582,Female,0,45,Yes,DSL,45.2,1829.39,No
CUST00583,Male,0,49,No,DSL,25.87,1428.11,No
CUST00584,Female,1,9,Yes,DSL,77.83,665.35,No
CUST00585,Male,0,23,Yes,No,92.08,2086.44,No
CUST00586,Female,0,59,Yes,DSL,88.51,4855.81,No
CUST00587,Male,0,58,Yes,DSL,21.05,1706.27,No
CUST00588,Female,0,11,No,Fiber optic,96.19,982.51,Yes
CUST00589,Male,0,56,No,DSL,57.95,3457.3,No
CUST00590,Male,1,6,No,Fiber optic,85.59,526.02,No
CUST00591,Female,0,20,No,Fiber optic,41.42,957.26,Yes
CUST00592,Female,0,11,Yes,DSL,61.27,585.94,No
CUST00593,Male,1,3,Yes,DSL,90.52,270.53,Yes
CUST00594,Female,0,2,Yes,DSL,107.09,228.4,No
CUST00595,Female,0,3,Yes,DSL,103.98,305.72,No
CUST00596,Female,0,21,Yes,Fiber optic,78.09,1582.54,No
CUST00597,Female,0,0,Yes,DSL,102.37,,Yes
CUST00598,Male,0,46,Yes,DSL,39.2,2068.48,No
CUST00599,Female,0,24,Yes,DSL,89.24,,No
CUST00600,Female,1,4,Yes,No,99.1,420.35,Yes
CUST00601,Male,0,9,No,DSL,93.26,845.44,Yes
CUST00602,Female,0,15,Yes,Fiber optic,88.56,1243.45,Yes
CUST00603,Female,0,32,Yes,DSL,76.56,2442.21,No
CUST00604,Female,0,36,Yes,Fiber optic,53.25,2255.05,No
CUST00605,Male,0,70,Yes,Fiber optic,25.54,1107.08,Yes
CUST00606,Female,0,67,No,Fiber optic,61.72,4109.32,No
CUST00607,Female,0,39,Yes,Fiber optic,71.83,2509.96,Yes
CUST00608,Female,0,61,Yes,Fiber optic,28.27,1631.74,No
CUST00609,Female,0,12,No,Fiber optic,41.26,463.94,Yes
CUST00610,Female,0,12,No,Fiber optic,73.36,856.38,No
CUST00611,Male,0,64,Yes,No,81.57,4593.87,No
CUST00612,Female,0,9,Yes,DSL,78.22,781.51,No
CUST00613,Male,0,4,Yes,Fiber optic,93.4,386.86,Yes
CUST00614,Female,0,7,No,DSL,91.24,677.93,Yes
CUST00615,Male,0,4,No,DSL,67.26,243.22,No
CUST00616,Male,0,8,Yes,Fiber optic,96.82,732.7,Yes
CUST00617,Female,0,5,No,Fiber optic,94.67,461.07,No
CUST00618,Male,1,4,No,No,107.4,467.61,No
CUST00619,Male,1,12,Yes,DSL,26.3,313.41,Yes
CUST00620,Female,0,51,No,Fiber optic,63.83,2777.22,No
CUST00621,Male,0,12,Yes,Fiber optic,53.52,538.77,No
CUST00622,Female,0,63,No,Fiber optic,39.83,2843.91,Yes
CUST00623,Male,0,2,Yes,DSL,88.5,192.74,No
CUST00624,Male,0,1,Yes,Fiber optic,83.92,,Yes
CUST00625,Female,0,24,Yes,Fiber optic,33.31,794.66,No
CUST00626,Female,0,55,Yes,Fiber optic,59.58,3078.08,Yes
CUST00627,Female,0,33,No,DSL,60.75,,No
CUST00628,Female,0,60,No,DSL,52.43,3054.49,No
CUST00629,Female,0,62,No,No,74.73,4400.51,No
CUST00630,Female,0,57,Yes,DSL,56.01,3352.98,No
CUST00631,Male,0,0,Yes,Fiber optic,87.76,,Yes
CUST00632,Male,0,65,Yes,No,78.73,4558.72,No
CUST00633,Female,0,60,No,DSL,32.87,2284.4,No
CUST00634,Male,0,51,Yes,DSL,78.73,4341.86,No
CUST00635,Male,0,20,No,Fiber optic,52.35,933.91,No
CUST00636,Male,0,3,Yes,No,65.69,212.98,No
CUST00637,Female,1,11,No,Fiber optic,85.51,1025.08,No
CUST00638,Male,0,43,Yes,Fiber optic,69.28,2888.92,No
CUST00639,Female,0,55,No,DSL,66.2,3917.61,No
CUST00640,Female,0,61,No,DSL,91.78,5801.5,No
CUST00641,Male,0,61,Yes,Fiber optic,29.89,2203.86,No
CUST00642,Male,0,1,No,DSL,81.74,81.37,Yes
CUST00643,Female,0,5,No,DSL,98.89,481.19,No
CUST00644,Female,0,69,Yes,DSL,51.81,3408.34,No
CUST00645,Female,1,12,Yes,No,76.47,886.3,Yes
CUST00646,Male,0,31,No,DSL,98.06,3105.43,No
CUST00647,Female,0,47,No,No,56.89,2508.62,No
CUST00648,Female,0,31,No,DSL,94.48,2824.72,No
CUST00649,Male,0,15,No,No,72.92,1156.79,No
CUST00650,Male,0,65,Yes,DSL,96.26,6579.3,No
CUST00651,Female,0,8,No,No,106.06,839.36,Yes
CUST00652,Male,0,48,No,DSL,58.87,3224.99,No
CUST00653,Female,0,4,Yes,No,86.08,353.63,Yes
CUST00654,Female,0,24,No,No,28.69,867.67,No
CUST00655,Male,0,7,Yes,Fiber optic,84.74,564.94,No
CUST00656,Female,0,12,Yes,Fiber optic,50.09,514.59,Yes
CUST00657,Male,0,18,No,Fiber optic,32.82,761.38,No
CUST00658,Female,1,17,Yes,Fiber optic,94.26,1598.75,No
CUST00659,Female,0,7,No,No,80.96,605.7,No
CUST00660,Female,0,24,Yes,No,65.48,1667.79,No
CUST00661,Male,0,69,No,DSL,74.61,4769.74,No
CUST00662,Female,0,17,No,Fiber optic,76.98,1456.06,Yes
CUST00663,Male,0,11,No,Fiber optic,68.96,754.92,Yes
CUST00664,Female,0,61,No,DSL,71.95,3821.87,No
CUST00665,Male,1,29,Yes,DSL,61.08,1540.39,No
CUST00666,Male,1,8,No,Fiber optic,95.09,751.78,Yes
CUST00667,Female,0,8,No,Fiber optic,74.38,647.71,Yes
CUST00668,Male,0,55,Yes,Fiber optic,68.06,3304.52,Yes
CUST00669,Female,0,4,Yes,DSL,83.83,356.65,Yes
CUST00670,Female,0,69,Yes,No,68.34,4671.53,No
CUST00671,Female,0,64,No,Fiber optic,40.88,2046.34,No
CUST00672,Male,0,47,Yes,DSL,22.28,854.91,No
CUST00673,Female,0,26,No,Fiber optic,72.87,1691.28,No
CUST00674,Female,1,6,No,DSL,105.0,,Yes
CUST00675,Male,0,71,No,DSL,51.7,4065.12,No
CUST00676,Male,0,46,Yes,Fiber optic,84.15,3704.01,No
CUST00677,Male,0,47,Yes,No,60.6,2523.76,No
CUST00678,Female,1,16,Yes,No,29.14,478.41,No
CUST00679,Male,0,12,No,Fiber optic,44.94,473.42,No
CUST00680,Female,0,54,No,No,34.76,1412.69,No
CUST00681,Male,0,64,Yes,DSL,74.21,4322.94,No
CUST00682,Female,0,29,Yes,No,25.67,731.84,No
CUST00683,Male,0,11,Yes,Fiber optic,88.76,1012.78,Yes
CUST00684,Female,0,15,No,No,64.3,1049.89,No
CUST00685,Female,0,39,Yes,Fiber optic,62.26,,No
CUST00686,Male,0,7,Yes,Fiber optic,103.37,680.73,No
CUST00687,Male,0,12,Yes,DSL,79.32,853.14,No
CUST00688,Male,0,13,Yes,DSL,98.14,,No
CUST00689,Female,0,0,Yes,Fiber optic,105.05,,Yes
CUST00690,Female,0,62,No,No,42.85,2262.22,No
CUST00691,Male,0,63,Yes,No,61.61,3558.1,No
CUST00692,Female,0,27,No,Fiber optic,93.91,2718.04,No
CUST00693,Male,0,10,Yes,No,107.14,1169.37,No
CUST00694,Male,0,15,Yes,No,30.71,535.17,No
CUST00695,Female,0,1,Yes,No,101.76,96.39,Yes
CUST00696,Female,0,63,No,No,94.01,6506.14,No
CUST00697,Male,0,65,Yes,Fiber optic,25.36,1656.15,Yes
CUST00698,Male,0,12,Yes,Fiber optic,87.05,1016.05,Yes
CUST00699,Male,1,2,No,No,102.41,198.14,No
CUST00700,Male,0,59,No,DSL,92.72,5056.61,No
CUST00701,Female,0,38,Yes,DSL,75.66,2512.64,No
CUST00702,Female,0,11,Yes,DSL,101.52,1172.52,No
CUST00703,Male,0,56,Yes,DSL,55.18,2564.77,No
CUST00704,Male,0,42,No,Fiber optic,85.04,,No
CUST00705,Male,0,50,Yes,No,74.11,3442.51,No
CUST00706,Male,0,42,No,Fiber optic,54.58,1936.05,Yes
CUST00707,Female,0,17,No,DSL,65.65,954.54,No
CUST00708,Female,0,16,Yes,Fiber optic,96.87,1441.03,No
CUST00709,Female,0,61,Yes,No,95.85,5946.31,No
CUST00710,Male,1,0,Yes,DSL,66.52,,No
CUST00711,Male,0,8,No,No,97.82,723.59,Yes
CUST00712,Female,0,54,Yes,DSL,26.91,1413.21,No
CUST00713,Male,0,10,No,Fiber optic,97.98,1062.15,Yes
CUST00714,Male,0,50,No,DSL,70.01,3649.19,No
CUST00715,Female,0,52,Yes,No,95.0,4893.66,No
CUST00716,Female,0,21,No,Fiber optic,30.25,476.01,Yes
CUST00717,Female,0,0,No,Fiber optic,64.31,,No
CUST00718,Female,0,27,Yes,No,46.52,1441.67,No
CUST00719,Male,0,3,No,DSL,65.27,207.16,No
CUST00720,Male,0,17,Yes,DSL,58.04,843.35,No
CUST00721,Female,0,61,No,Fiber optic,61.47,3954.1,No
CUST00722,Male,0,9,No,DSL,105.82,1003.12,Yes
CUST00723,Female,0,10,Yes,DSL,62.45,722.61,No
CUST00724,Female,1,27,No,No,28.14,962.2,No
CUST00725,Male,1,67,No,DSL,86.53,5415.07,No
CUST00726,Male,0,39,No,DSL,88.75,3565.16,No
CUST00727,Male,0,21,No,DSL,84.14,1791.33,No
CUST00728,Male,0,66,No,DSL,59.98,4386.86,No
CUST00729,Female,0,2,No,Fiber optic,91.44,193.91,No
CUST00730,Female,0,12,Yes,DSL,97.56,1120.72,No
CUST00731,Female,1,5,No,Fiber optic,71.7,365.68,Yes
CUST00732,Male,0,13,No,DSL,50.07,534.91,No
CUST00733,Female,0,49,No,Fiber optic,29.06,1586.86,No
CUST00734,Male,0,10,Yes,DSL,106.89,1160.93,Yes
CUST00735,Male,1,6,No,Fiber optic,86.14,475.04,No
CUST00736,Female,0,0,Yes,DSL,68.08,,No
CUST00737,Male,0,0,No,Fiber optic,105.34,,No
CUST00738,Female,0,16,No,No,62.81,854.26,No
CUST00739,Female,0,6,Yes,Fiber optic,78.87,478.81,No
CUST00740,Male,1,17,Yes,Fiber optic,42.08,823.98,No
CUST00741,Male,0,1,No,Fiber optic,80.18,75.87,No
CUST00742,Female,0,25,Yes,DSL,44.7,1176.15,No
CUST00743,Male,0,2,No,Fiber optic,75.54,133.43,No
CUST00744,Female,1,65,Yes,DSL,80.22,4973.4,No
CUST00745,Male,1,39,No,DSL,64.37,2629.56,No
CUST00746,Female,0,12,Yes,Fiber optic,99.53,1229.57,No
CUST00747,Male,1,54,Yes,No,29.64,1586.02,Yes
CUST00748,Female,0,64,No,DSL,41.67,2573.01,No
CUST00749,Female,0,11,Yes,DSL,109.24,1269.89,No
CUST00750,Female,0,40,Yes,DSL,94.78,3656.51,No
CUST00751,Male,1,8,No,DSL,98.55,867.8,No
CUST00752,Female,0,49,No,No,94.69,4695.7,No
CUST00753,Female,1,12,No,DSL,62.49,646.23,No
CUST00754,Male,1,54,Yes,Fiber optic,66.39,,No
CUST00755,Female,0,70,Yes,DSL,71.39,5299.06,No
CUST00756,Male,0,31,Yes,Fiber optic,37.05,1327.92,No
CUST00757,Female,0,49,No,DSL,81.05,4436.42,No
CUST00758,Male,0,35,No,DSL,76.92,2554.77,No
CUST00759,Female,0,65,Yes,No,71.12,4655.95,No
CUST00760,Male,0,65,No,Fiber optic,71.12,4527.33,No
CUST00761,Male,1,5,No,No,67.19,,Yes
CUST00762,Male,0,10,Yes,No,87.3,786.24,No
CUST00763,Female,0,12,No,DSL,62.04,728.73,No
CUST00764,Male,0,8,Yes,Fiber optic,102.46,810.86,No
CUST00765,Female,0,4,Yes,No,92.31,351.59,No
CUST00766,Male,0,26,Yes,No,85.31,2292.89,No
CUST00767,Male,0,2,Yes,DSL,97.47,180.99,No
CUST00768,Female,0,9,Yes,DSL,76.87,724.39,Yes
CUST00769,Female,0,21,No,Fiber optic,63.09,1350.47,Yes
CUST00770,Male,1,10,No,Fiber optic,104.16,1074.93,No
CUST00771,Male,0,21,Yes,DSL,71.87,1686.21,No
CUST00772,Female,0,1,No,No,62.12,,No
CUST00773,Male,0,55,No,Fiber optic,59.76,3418.1,Yes
CUST00774,Male,1,53,No,No,59.48,2768.53,No
CUST00775,Male,0,20,Yes,DSL,66.07,1483.63,No
CUST00776,Female,0,12,Yes,Fiber optic,24.43,375.69,No
CUST00777,Female,0,7,Yes,No,103.84,790.19,No
CUST00778,Female,1,5,No,No,88.36,419.85,No
CUST00779,Female,0,54,Yes,DSL,69.93,,No
CUST00780,Male,0,0,No,Fiber optic,77.71,,Yes
CUST00781,Female,0,25,Yes,DSL,38.28,1021.57,No
CUST00782,Male,0,65,Yes,DSL,82.55,4983.06,No
CUST00783,Female,0,31,Yes,Fiber optic,42.71,1449.3,No
CUST00784,Male,0,60,Yes,DSL,88.54,5334.58,No
CUST00785,Female,0,8,Yes,DSL,93.77,787.25,No
CUST00786,Female,0,60,No,Fiber optic,47.75,2747.86,No
CUST00787,Female,0,0,Yes,Fiber optic,84.02,,Yes
CUST00788,Male,1,11,Yes,DSL,81.2,958.09,Yes
CUST00789,Male,0,9,Yes,Fiber optic,73.29,661.56,No
CUST00790,Male,0,35,No,DSL,94.51,,No
CUST00791,Male,1,3,Yes,Fiber optic,106.58,327.2,No
CUST00792,Female,0,40,Yes,Fiber optic,92.98,3447.46,No
CUST00793,Male,0,66,Yes,DSL,75.12,5576.34,No
CUST00794,Male,1,0,No,Fiber optic,97.88,,Yes
CUST00795,Female,0,69,Yes,Fiber optic,59.35,3420.81,No
CUST00796,Male,0,0,No,DSL,87.58,,Yes
CUST00797,Male,0,27,No,DSL,40.27,1116.21,No
CUST00798,Male,0,8,Yes,DSL,66.36,530.97,No
CUST00799,Female,0,20,No,DSL,31.29,549.52,No
CUST00800,Female,0,66,Yes,DSL,49.37,3087.83,No
CUST00801,Female,1,11,Yes,DSL,103.41,1174.2,No
CUST00802,Female,1,71,No,Fiber optic,42.0,2282.73,Yes
CUST00803,Male,0,4,No,Fiber optic,108.06,461.87,Yes
CUST00804,Female,0,16,Yes,Fiber optic,94.35,1588.76,Yes
CUST00805,Male,0,16,Yes,No,85.61,1242.04,No
CUST00806,Male,1,71,Yes,Fiber optic,43.43,2873.69,Yes
CUST00807,Male,0,3,Yes,DSL,75.05,225.1,Yes
CUST00808,Male,0,71,Yes,Fiber optic,82.82,6274.17,Yes
CUST00809,Male,0,30,No,Fiber optic,38.71,1172.31,No
CUST00810,Male,0,13,Yes,DSL,43.05,588.56,No
CUST00811,Male,0,45,No,No,28.07,1425.27,No
CUST00812,Male,0,10,No,Fiber optic,96.64,893.87,Yes
CUST00813,Female,0,39,Yes,No,89.13,3538.93,No
CUST00814,Male,0,70,Yes,Fiber optic,85.3,,No
CUST00815,Female,1,1,No,Fiber optic,84.93,77.36,Yes
CUST00816,Male,0,3,Yes,DSL,105.29,292.84,Yes
CUST00817,Male,1,24,Yes,No,54.58,1388.11,No
CUST00818,Female,0,59,No,Fiber optic,88.57,5404.26,Yes
CUST00819,Male,0,14,No,Fiber optic,69.56,984.75,Yes
CUST00820,Male,1,12,Yes,No,28.76,234.91,Yes
CUST00821,Female,0,2,Yes,Fiber optic,79.25,174.38,No
CUST00822,Male,1,70,Yes,Fiber optic,47.91,2698.68,Yes
CUST00823,Female,0,10,Yes,Fiber optic,108.85,1154.11,No
CUST00824,Female,1,6,Yes,DSL,71.58,459.91,Yes
CUST00825,Female,0,40,No,No,81.2,2850.75,No
CUST00826,Male,0,43,No,No,40.86,,No
CUST00827,Male,0,7,Yes,DSL,93.49,602.44,Yes
CUST00828,Male,0,62,No,Fiber optic,82.0,5432.16,No
CUST00829,Male,0,11,No,DSL,99.36,1182.63,No
CUST00830,Female,0,12,Yes,No,80.56,992.39,No
CUST00831,Male,0,57,Yes,No,86.68,5508.36,No
CUST00832,Female,0,2,No,Fiber optic,78.99,140.71,No
CUST00833,Female,0,0,Yes,No,91.55,,Yes
CUST00834,Male,1,3,Yes,DSL,83.06,221.71,Yes
CUST00835,Female,0,57,No,DSL,61.13,4050.95,No
CUST00836,Female,0,12,Yes,Fiber optic,24.73,409.97,No
CUST00837,Female,0,45,No,Fiber optic,36.65,1314.11,No
CUST00838,Male,0,1,No,No,87.3,,No
CUST00839,Female,0,53,Yes,DSL,88.07,4629.27,No
CUST00840,Male,0,9,Yes,DSL,105.43,1003.62,Yes
CUST00841,Female,1,58,No,No,70.54,4147.88,Yes
CUST00842,Female,0,9,Yes,DSL,93.46,893.24,No
CUST00843,Female,0,3,No,Fiber optic,83.72,258.78,Yes
CUST00844,Female,0,3,Yes,Fiber optic,106.49,348.33,Yes
CUST00845,Female,0,11,No,DSL,92.17,911.96,Yes
CUST00846,Male,0,66,Yes,DSL,94.27,6502.12,No
CUST00847,Female,0,54,No,DSL,21.82,1704.9,No
CUST00848,Male,0,50,Yes,DSL,64.63,3380.71,No
CUST00849,Female,0,62,No,Fiber optic,58.87,3374.36,Yes
CUST00850,Female,0,40,No,DSL,32.03,1518.7,No
CUST00851,Female,1,16,Yes,DSL,70.79,1118.29,No
CUST00852,Male,0,66,No,DSL,32.54,2332.99,No
CUST00853,Female,0,2,No,Fiber optic,106.05,211.61,Yes
CUST00854,Male,0,68,No,DSL,55.25,3571.67,No
CUST00855,Female,0,3,No,Fiber optic,88.69,266.97,Yes
CUST00856,Female,0,11,No,DSL,96.7,966.23,Yes
CUST00857,Male,0,10,Yes,Fiber optic,70.22,734.66,No
CUST00858,Male,0,10,Yes,DSL,109.03,995.33,Yes
CUST00859,Male,0,11,No,No,69.15,,No
CUST00860,Female,0,26,No,DSL,69.65,1583.92,No
CUST00861,Male,0,32,No,Fiber optic,53.78,1488.08,Yes
CUST00862,Male,0,70,No,DSL,85.57,5377.79,No
CUST00863,Female,1,59,No,DSL,86.65,5359.14,No
CUST00864,Female,1,36,No,Fiber optic,94.43,3155.94,No
CUST00865,Female,0,70,Yes,No,47.11,3356.09,No
CUST00866,Female,1,64,No,DSL,67.72,3694.93,No
CUST00867,Male,0,14,No,DSL,51.22,582.33,No
CUST00868,Female,1,2,No,No,83.67,174.22,Yes
CUST00869,Female,0,56,Yes,Fiber optic,30.22,1929.77,No
CUST00870,Female,0,17,Yes,Fiber optic,48.09,857.33,No
CUST00871,Male,0,4,Yes,DSL,88.77,348.59,Yes
CUST00872,Male,0,30,No,Fiber optic,89.08,2503.18,No
CUST00873,Female,1,3,Yes,DSL,68.98,212.89,No
CUST00874,Female,0,17,No,DSL,90.19,1489.63,No
CUST00875,Male,0,2,No,DSL,90.3,189.79,Yes
CUST00876,Female,0,12,Yes,Fiber optic,36.69,517.01,No
CUST00877,Male,0,8,Yes,DSL,63.2,502.11,No
CUST00878,Female,0,4,Yes,Fiber optic,95.1,,Yes
CUST00879,Male,0,35,No,DSL,86.28,3142.27,No
CUST00880,Male,0,32,Yes,DSL,41.75,1315.98,No
CUST00881,Male,0,0,Yes,Fiber optic,108.93,,No
CUST00882,Female,0,5,No,Fiber optic,81.11,394.88,No
CUST00883,Female,0,43,Yes,No,91.34,4015.34,No
CUST00884,Male,0,3,No,Fiber optic,101.38,287.52,Yes
CUST00885,Male,0,8,No,Fiber optic,61.58,562.58,No
CUST00886,Male,1,0,No,No,98.75,,No
CUST00887,Female,0,5,Yes,Fiber optic,95.72,503.18,Yes
CUST00888,Female,0,66,Yes,No,90.78,6466.76,No
CUST00889,Male,0,11,Yes,No,82.32,942.08,No
CUST00890,Female,0,52,No,DSL,35.06,1858.64,No
CUST00891,Female,0,28,No,Fiber optic,52.05,1695.74,No
CUST00892,Male,1,12,Yes,Fiber optic,62.89,794.07,Yes
CUST00893,Male,1,55,No,Fiber optic,51.07,2479.56,No
CUST00894,Female,1,6,No,DSL,68.31,465.0,Yes
CUST00895,Male,0,8,Yes,No,97.22,728.33,Yes
CUST00896,Male,0,10,No,DSL,65.81,653.68,No
CUST00897,Male,1,72,No,No,22.72,1316.2,No
CUST00898,Female,0,10,No,DSL,91.75,,Yes
CUST00899,Male,0,12,No,DSL,30.53,,No
CUST00900,Male,0,67,No,DSL,90.02,6071.34,No
CUST00901,Male,1,60,No,Fiber optic,33.02,1809.59,No
CUST00902,Female,0,68,No,Fiber optic,71.26,5352.36,No
CUST00903,Female,0,0,Yes,DSL,65.75,,No
CUST00904,Male,0,72,Yes,Fiber optic,91.37,7159.89,No
CUST00905,Male,0,37,Yes,No,67.34,,No
CUST00906,Male,0,5,No,No,63.6,281.06,No
CUST00907,Male,0,41,Yes,DSL,86.42,3208.66,No
CUST00908,Male,0,69,No,No,82.28,5946.02,No
CUST00909,Male,0,72,Yes,Fiber optic,83.36,5717.77,No
CUST00910,Female,0,53,No,DSL,96.61,4893.48,No
CUST00911,Female,0,23,Yes,Fiber optic,27.96,453.79,Yes
CUST00912,Female,0,4,Yes,DSL,105.74,443.62,Yes
CUST00913,Female,0,39,Yes,Fiber optic,94.2,3890.44,No
CUST00914,Female,0,50,No,DSL,32.7,2123.73,No
CUST00915,Male,1,67,Yes,DSL,31.78,1990.47,No
CUST00916,Female,0,19,Yes,DSL,90.26,,No
CUST00917,Male,0,12,Yes,DSL,33.27,370.03,No
CUST00918,Male,0,69,No,Fiber optic,97.9,6579.8,No
CUST00919,Female,0,33,No,DSL,50.07,1461.38,No
CUST00920,Male,1,72,Yes,No,24.93,1751.7,No
CUST00921,Male,0,30,No,No,23.08,732.01,No
CUST00922,Female,1,49,Yes,Fiber optic,35.58,2160.15,No
CUST00923,Male,0,40,No,Fiber optic,75.67,2790.57,No
CUST00924,Female,1,8,No,No,69.25,,No
CUST00925,Female,1,6,Yes,Fiber optic,64.86,445.52,No
CUST00926,Female,0,67,Yes,DSL,78.55,,No
CUST00927,Female,0,55,No,DSL,45.95,2119.37,No
CUST00928,Male,0,64,Yes,No,93.89,6108.6,No
CUST00929,Male,0,4,Yes,DSL,99.07,426.83,No
CUST00930,Male,0,52,Yes,DSL,80.86,4508.07,No
CUST00931,Male,0,8,Yes,Fiber optic,95.69,827.88,Yes
CUST00932,Male,1,61,No,Fiber optic,58.34,4074.22,No
CUST00933,Female,1,29,No,DSL,77.44,2130.07,No
CUST00934,Female,0,2,No,No,107.72,204.7,Yes
CUST00935,Male,0,6,Yes,DSL,67.81,,No
CUST00936,Female,0,14,Yes,DSL,66.62,1000.19,No
CUST00937,Female,0,9,Yes,Fiber optic,62.02,602.5,Yes
CUST00938,Male,0,72,Yes,Fiber optic,70.9,4476.39,No
CUST00939,Female,0,9,No,No,72.22,,Yes
CUST00940,Male,0,52,Yes,DSL,58.46,2520.48,No
CUST00941,Female,0,19,Yes,No,32.83,757.96,No
CUST00942,Male,0,9,No,Fiber optic,88.43,732.44,Yes
CUST00943,Female,0,4,No,Fiber optic,64.75,248.72,No
CUST00944,Female,1,4,Yes,DSL,63.51,271.06,Yes
CUST00945,Female,1,57,Yes,No,46.56,2205.1,No
CUST00946,Male,0,39,No,No,53.29,2115.83,No
CUST00947,Female,0,55,No,DSL,28.06,1004.56,No
CUST00948,Female,0,69,No,No,49.68,3636.33,No
CUST00949,Male,0,28,No,No,98.27,2967.64,No
CUST00950,Female,1,62,No,Fiber optic,40.07,2632.11,No
CUST00951,Female,0,52,No,Fiber optic,89.18,5046.1,Yes
CUST00952,Female,0,71,Yes,DSL,34.72,2097.98,No
CUST00953,Female,0,0,No,No,74.72,,Yes
CUST00954,Female,0,55,No,DSL,23.72,836.74,No
CUST00955,Male,0,12,No,No,22.8,172.01,No
CUST00956,Male,0,68,Yes,DSL,81.92,5774.0,No
CUST00957,Female,0,8,Yes,DSL,92.91,749.05,No
CUST00958,Female,0,37,No,Fiber optic,55.3,2319.24,Yes
CUST00959,Female,0,63,No,Fiber optic,73.21,5135.53,No
CUST00960,Male,0,34,No,Fiber optic,71.44,2464.3,No
CUST00961,Male,0,70,No,Fiber optic,68.64,4521.84,No
CUST00962,Male,0,3,Yes,DSL,81.87,271.88,Yes
CUST00963,Female,1,54,No,DSL,89.67,4985.67,No
CUST00964,Female,0,17,No,Fiber optic,57.51,1029.9,Yes
CUST00965,Male,1,33,No,No,34.98,1220.02,No
CUST00966,Male,0,45,Yes,DSL,29.77,1111.22,No
CUST00967,Female,0,7,Yes,Fiber optic,81.18,555.3,Yes
CUST00968,Female,0,4,Yes,DSL,96.34,364.86,No
CUST00969,Male,1,54,No,DSL,38.24,2550.41,No
CUST00970,Female,0,49,Yes,DSL,32.98,1416.91,No
CUST00971,Male,0,9,Yes,Fiber optic,87.74,810.88,Yes
CUST00972,Female,1,17,Yes,Fiber optic,58.4,881.4,No
CUST00973,Female,0,0,No,Fiber optic,109.25,,No
CUST00974,Female,1,2,No,DSL,67.28,,No
CUST00975,Male,0,15,Yes,Fiber optic,20.97,261.88,Yes
CUST00976,Male,1,45,Yes,No,37.75,1954.27,Yes
CUST00977,Female,1,29,No,No,26.56,971.86,No
CUST00978,Male,0,5,Yes,DSL,103.85,558.32,Yes
CUST00979,Female,1,24,No,DSL,63.16,1288.26,No
CUST00980,Male,0,26,No,DSL,32.93,943.86,No
CUST00981,Male,1,4,No,DSL,102.18,434.55,Yes
CUST00982,Female,0,12,No,No,46.22,457.81,No
CUST00983,Female,0,13,Yes,Fiber optic,47.59,512.7,No
CUST00984,Female,1,31,No,DSL,54.83,1869.67,Yes
CUST00985,Female,0,12,Yes,Fiber optic,47.38,640.36,No
CUST00986,Male,0,2,No,DSL,96.5,183.84,No
CUST00987,Male,0,61,Yes,DSL,79.9,4513.42,No
CUST00988,Male,1,3,No,Fiber optic,96.89,262.22,Yes
CUST00989,Male,0,20,No,No,77.14,1367.14,No
CUST00990,Female,0,3,Yes,Fiber optic,104.24,335.33,Yes
CUST00991,Female,0,49,Yes,No,41.67,2220.44,No
CUST00992,Female,0,2,No,No,70.05,128.86,Yes
CUST00993,Female,0,10,No,No,88.07,797.21,No
CUST00994,Female,1,22,Yes,Fiber optic,86.35,1917.45,Yes
CUST00995,Female,0,12,Yes,Fiber optic,55.31,671.58,No
CUST00996,Female,0,31,Yes,No,20.54,813.24,No
CUST00997,Male,0,71,Yes,DSL,32.04,,No
CUST00998,Female,0,30,No,DSL,70.87,2416.9,No
CUST00999,Male,0,0,No,No,89.84,,Yes
CUST01000,Female,0,8,Yes,DSL,102.99,771.44,No
